id;data_inversa;dia_semana;horario;uf;br;km;municipio;causa_acidente;tipo_acidente;classificacao_acidente;fase_dia
277269.0;2020-03-26;quinta-feira;18:00:00;RJ;101;333.0;RIO DE JANEIRO;Falta de Atencao a Conducao;Colisao traseira;Com Vitimas Feridas;Anoitecer
277918.0;2020-04-01;quarta-feira;07:00:00;RJ;101;316.0;SAO GONCALO;Desobediencia as normas de transito pelo condutor;Colisao lateral;Com Vitimas Feridas;Pleno dia
278141.0;2020-04-02;quinta-feira;23:15:00;RJ;101;302.0;SAO GONCALO;Condutor Dormindo;Saida de leito carrocavel;Com Vitimas Feridas;Plena Noite
278391.0;2020-04-04;sabado;18:40:00;RJ;101;308.0;SAO GONCALO;Animais na Pista;Tombamento;Com Vitimas Feridas;Plena Noite
278462.0;2020-04-05;domingo;05:40:00;RJ;101;305.8;SAO GONCALO;Condutor Dormindo;Saida de leito carrocavel;Com Vitimas Feridas;Pleno dia
278550.0;2020-04-05;domingo;17:58:00;RJ;101;320.0;NITEROI;Falta de Atencao a Conducao;Queda de ocupante de veiculo;Com Vitimas Feridas;Anoitecer
278716.0;2020-04-06;segunda-feira;20:50:00;RJ;101;330.0;RIO DE JANEIRO;Falta de Atencao a Conducao;Colisao com objeto estatico;Com Vitimas Feridas;Plena Noite
278782.0;2020-04-07;terca-feira;11:44:00;RJ;101;309.0;SAO GONCALO;Nao guardar distancia de seguranca;Colisao lateral;Com Vitimas Feridas;Pleno dia
279203.0;2020-04-10;sexta-feira;09:40:00;RJ;101;310.0;SAO GONCALO;Falta de Atencao a Conducao;Queda de ocupante de veiculo;Com Vitimas Feridas;Pleno dia
279399.0;2020-04-11;sabado;19:30:00;RJ;101;305.0;SAO GONCALO;Desobediencia as normas de transito pelo condutor;Colisao frontal;Com Vitimas Feridas;Plena Noite
279944.0;2020-03-13;sexta-feira;16:05:00;RJ;101;333.0;RIO DE JANEIRO;Falta de Atencao a Conducao;Colisao traseira;Com Vitimas Feridas;Pleno dia
280088.0;2020-04-16;quinta-feira;15:00:00;RJ;101;307.0;SAO GONCALO;Desobediencia as normas de transito pelo condutor;Colisao lateral;Com Vitimas Feridas;Pleno dia
280336.0;2020-04-18;sabado;08:03:00;RJ;101;317.6;SAO GONCALO;Desobediencia as normas de transito pelo condutor;Colisao frontal;Com Vitimas Feridas;Pleno dia
281826.0;2020-04-28;terca-feira;05:25:00;RJ;101;314.9;SAO GONCALO;Falta de Atencao do Pedestre;Atropelamento de Pedestre;Com Vitimas Fatais;Plena Noite
281924.0;2020-04-28;terca-feira;14:35:00;RJ;101;329.0;RIO DE JANEIRO;Falta de Atencao a Conducao;Colisao traseira;Com Vitimas Feridas;Pleno dia
281949.0;2020-04-28;terca-feira;19:20:00;RJ;101;309.0;SAO GONCALO;Falta de Atencao a Conducao;Atropelamento de Pedestre;Com Vitimas Feridas;Plena Noite
282245.0;2020-05-01;sexta-feira;01:05:00;RJ;101;333.0;RIO DE JANEIRO;Falta de Atencao a Conducao;Tombamento;Com Vitimas Feridas;Plena Noite
282436.0;2020-05-02;sabado;09:48:00;RJ;101;311.0;SAO GONCALO;Falta de Atencao do Pedestre;Atropelamento de Pedestre;Com Vitimas Feridas;Pleno dia
283170.0;2020-05-06;quarta-feira;19:30:00;RJ;101;299.0;SAO GONCALO;Falta de Atencao a Conducao;Colisao com objeto estatico;Com Vitimas Feridas;Plena Noite
283261.0;2020-05-07;quinta-feira;16:25:00;RJ;101;312.0;SAO GONCALO;Falta de Atencao a Conducao;Colisao frontal;Com Vitimas Feridas;Pleno dia
283375.0;2020-05-04;segunda-feira;15:25:00;RJ;101;331.0;RIO DE JANEIRO;Falta de Atencao a Conducao;Colisao lateral;Com Vitimas Feridas;Pleno dia
283960.0;2020-05-11;segunda-feira;07:27:00;RJ;101;327.0;NITEROI;Falta de Atencao a Conducao;Colisao traseira;Com Vitimas Feridas;Pleno dia
283977.0;2020-05-11;segunda-feira;17:10:00;RJ;101;303.0;SAO GONCALO;Desobediencia as normas de transito pelo pedestre;Atropelamento de Pedestre;Com Vitimas Feridas;Anoitecer
284540.0;2020-05-15;sexta-feira;09:35:00;RJ;101;319.5;SAO GONCALO;Falta de Atencao a Conducao;Colisao com objeto estatico;Com Vitimas Feridas;Pleno dia
285421.0;2020-05-20;quarta-feira;15:30:00;RJ;101;314.0;SAO GONCALO;Desobediencia as normas de transito pelo pedestre;Colisao com objeto em movimento;Com Vitimas Feridas;Pleno dia
285617.0;2020-05-21;quinta-feira;19:35:00;RJ;101;306.0;SAO GONCALO;Nao guardar distancia de seguranca;Colisao traseira;Com Vitimas Feridas;Plena Noite
286045.0;2020-05-24;domingo;01:35:00;RJ;101;307.8;SAO GONCALO;Falta de Atencao a Conducao;Colisao lateral;Com Vitimas Feridas;Plena Noite
286072.0;2020-05-24;domingo;07:00:00;RJ;101;318.9;SAO GONCALO;Condutor Dormindo;Colisao com objeto estatico;Sem Vitimas;Pleno dia
286417.0;2020-05-26;terca-feira;07:35:00;RJ;101;333.0;RIO DE JANEIRO;Falta de Atencao a Conducao;Colisao lateral;Com Vitimas Feridas;Pleno dia
286602.0;2020-05-27;quarta-feira;07:30:00;RJ;101;323.2;NITEROI;Falta de Atencao a Conducao;Colisao traseira;Com Vitimas Feridas;Pleno dia
286611.0;2020-05-27;quarta-feira;07:05:00;RJ;101;326.0;NITEROI;Desobediencia as normas de transito pelo condutor;Engavetamento;Com Vitimas Feridas;Pleno dia
287175.0;2020-05-30;sabado;15:20:00;RJ;101;312.0;SAO GONCALO;Falta de Atencao a Conducao;Colisao traseira;Com Vitimas Feridas;Pleno dia
287198.0;2020-05-30;sabado;16:32:00;RJ;101;334.0;RIO DE JANEIRO;Falta de Atencao a Conducao;Queda de ocupante de veiculo;Com Vitimas Feridas;Pleno dia
287296.0;2020-05-31;domingo;01:21:00;RJ;101;324.0;NITEROI;Ingestao de Alcool;Colisao com objeto estatico;Com Vitimas Feridas;Plena Noite
287407.0;2020-05-31;domingo;18:40:00;RJ;101;309.6;SAO GONCALO;Velocidade Incompativel;Colisao traseira;Com Vitimas Feridas;Plena Noite
287499.0;2020-06-01;segunda-feira;00:20:00;RJ;101;313.2;SAO GONCALO;Falta de Atencao a Conducao;Colisao com objeto estatico;Sem Vitimas;Plena Noite
287820.0;2020-06-02;terca-feira;19:20:00;RJ;101;307.0;SAO GONCALO;Defeito Mecanico no Veiculo;Colisao lateral;Com Vitimas Feridas;Plena Noite
287922.0;2020-06-03;quarta-feira;11:25:00;RJ;101;308.0;SAO GONCALO;Defeito na Via;Colisao transversal;Com Vitimas Feridas;Pleno dia
288586.0;2020-06-06;sabado;22:20:00;RJ;101;319.5;SAO GONCALO;Velocidade Incompativel;Colisao com objeto estatico;Com Vitimas Feridas;Plena Noite
288903.0;2020-06-08;segunda-feira;13:11:00;RJ;101;311.3;SAO GONCALO;Falta de Atencao a Conducao;Atropelamento de Pedestre;Com Vitimas Feridas;Pleno dia
288977.0;2020-06-08;segunda-feira;16:51:00;RJ;101;322.0;NITEROI;Desobediencia as normas de transito pelo condutor;Colisao traseira;Com Vitimas Feridas;Anoitecer
289092.0;2020-06-09;terca-feira;15:34:00;RJ;101;324.0;NITEROI;Mal Subito;Queda de ocupante de veiculo;Com Vitimas Feridas;Pleno dia
289544.0;2020-06-11;quinta-feira;22:15:00;RJ;101;314.0;SAO GONCALO;Agressao Externa;Colisao com objeto estatico;Com Vitimas Feridas;Plena Noite
289630.0;2020-06-12;sexta-feira;14:45:00;RJ;101;300.0;SAO GONCALO;Nao guardar distancia de seguranca;Colisao traseira;Com Vitimas Feridas;Pleno dia
289815.0;2020-06-13;sabado;15:00:00;RJ;101;325.0;NITEROI;Falta de Atencao a Conducao;Colisao com objeto estatico;Com Vitimas Feridas;Pleno dia
290009.0;2020-06-14;domingo;13:15:00;RJ;101;306.0;SAO GONCALO;Velocidade Incompativel;Colisao traseira;Com Vitimas Feridas;Pleno dia
290039.0;2020-06-14;domingo;05:20:00;RJ;101;330.0;RIO DE JANEIRO;Falta de Atencao a Conducao;Colisao lateral;Sem Vitimas;Pleno dia
290093.0;2020-06-15;segunda-feira;07:30:00;RJ;101;317.0;SAO GONCALO;Falta de Atencao a Conducao;Colisao lateral;Com Vitimas Feridas;Pleno dia
290761.0;2020-06-19;sexta-feira;07:25:00;RJ;101;315.0;SAO GONCALO;Falta de Atencao a Conducao;Colisao com objeto estatico;Com Vitimas Feridas;Pleno dia
291031.0;2020-06-20;sabado;18:00:00;RJ;101;310.0;SAO GONCALO;Desobediencia as normas de transito pelo condutor;Colisao lateral;Com Vitimas Feridas;Plena Noite
291065.0;2020-06-20;sabado;18:55:00;RJ;101;318.0;SAO GONCALO;Defeito Mecanico no Veiculo;Incendio;Sem Vitimas;Plena Noite
291078.0;2020-06-20;sabado;19:45:00;RJ;101;319.0;SAO GONCALO;Ingestao de Alcool;Colisao traseira;Com Vitimas Feridas;Plena Noite
291167.0;2020-06-21;domingo;07:15:00;RJ;101;331.0;RIO DE JANEIRO;Falta de Atencao a Conducao;Colisao traseira;Com Vitimas Feridas;Pleno dia
291410.0;2020-06-22;segunda-feira;13:20:00;RJ;101;313.0;SAO GONCALO;Falta de Atencao a Conducao;Colisao com objeto estatico;Com Vitimas Feridas;Pleno dia
291473.0;2020-06-22;segunda-feira;18:40:00;RJ;101;319.0;SAO GONCALO;Falta de Atencao a Conducao;Engavetamento;Com Vitimas Feridas;Plena Noite
291563.0;2020-06-23;terca-feira;10:45:00;RJ;101;300.0;SAO GONCALO;Falta de Atencao a Conducao;Colisao traseira;Com Vitimas Feridas;Pleno dia
291673.0;2020-06-24;quarta-feira;07:35:00;RJ;101;308.0;SAO GONCALO;Defeito Mecanico no Veiculo;Colisao com objeto estatico;Com Vitimas Feridas;Pleno dia
292084.0;2020-06-26;sexta-feira;17:30:00;RJ;101;317.0;SAO GONCALO;Falta de Atencao a Conducao;Colisao traseira;Com Vitimas Feridas;Anoitecer
292469.0;2020-06-28;domingo;15:00:00;RJ;101;328.0;RIO DE JANEIRO;Condutor Dormindo;Colisao traseira;Com Vitimas Feridas;Pleno dia
292977.0;2020-07-01;quarta-feira;17:00:00;RJ;101;323.0;NITEROI;Nao guardar distancia de seguranca;Colisao traseira;Com Vitimas Feridas;Pleno dia
293093.0;2020-07-02;quinta-feira;15:50:00;RJ;101;317.0;SAO GONCALO;Falta de Atencao a Conducao;Queda de ocupante de veiculo;Com Vitimas Feridas;Pleno dia
293387.0;2020-07-04;sabado;04:40:00;RJ;101;314.0;SAO GONCALO;Objeto estatico sobre o leito carrocavel;Danos eventuais;Sem Vitimas;Plena Noite
293430.0;2020-07-04;sabado;10:10:00;RJ;101;322.0;NITEROI;Desobediencia as normas de transito pelo condutor;Colisao transversal;Com Vitimas Feridas;Pleno dia
294405.0;2020-07-09;quinta-feira;10:30:00;RJ;101;319.0;NITEROI;Falta de Atencao a Conducao;Colisao com objeto estatico;Com Vitimas Feridas;Pleno dia
294458.0;2020-07-09;quinta-feira;17:40:00;RJ;101;317.0;SAO GONCALO;Nao guardar distancia de seguranca;Engavetamento;Com Vitimas Feridas;Anoitecer
294953.0;2020-07-12;domingo;05:00:00;RJ;101;326.0;NITEROI;Agressao Externa;Incendio;Com Vitimas Feridas;Amanhecer
295023.0;2020-07-12;domingo;10:15:00;RJ;101;316.0;SAO GONCALO;Defeito Mecanico no Veiculo;Tombamento;Com Vitimas Feridas;Pleno dia
295055.0;2020-07-12;domingo;17:10:00;RJ;101;322.0;NITEROI;Desobediencia as normas de transito pelo condutor;Colisao lateral;Com Vitimas Feridas;Pleno dia
295094.0;2020-07-12;domingo;20:30:00;RJ;101;332.0;RIO DE JANEIRO;Falta de Atencao a Conducao;Colisao lateral;Sem Vitimas;Plena Noite
295307.0;2020-07-13;segunda-feira;23:00:00;RJ;101;302.0;SAO GONCALO;Ingestao de Alcool;Colisao traseira;Com Vitimas Feridas;Plena Noite
295313.0;2020-07-13;segunda-feira;21:50:00;RJ;101;301.0;SAO GONCALO;Falta de Atencao a Conducao;Colisao traseira;Com Vitimas Feridas;Plena Noite
295393.0;2020-07-14;terca-feira;10:39:00;RJ;101;318.0;SAO GONCALO;Pista Escorregadia;Tombamento;Com Vitimas Feridas;Pleno dia
295851.0;2020-07-17;sexta-feira;12:00:00;RJ;101;321.0;NITEROI;Desobediencia as normas de transito pelo condutor;Colisao transversal;Com Vitimas Feridas;Pleno dia
296307.0;2020-07-19;domingo;13:40:00;RJ;101;318.0;SAO GONCALO;Falta de Atencao a Conducao;Colisao lateral;Sem Vitimas;Pleno dia
296719.0;2020-07-21;terca-feira;14:00:00;RJ;101;320.0;SAO GONCALO;Falta de Atencao a Conducao;Colisao frontal;Com Vitimas Feridas;Pleno dia
296841.0;2020-07-22;quarta-feira;09:00:00;RJ;101;301.0;SAO GONCALO;Agressao Externa;Colisao traseira;Com Vitimas Feridas;Pleno dia
297067.0;2020-07-23;quinta-feira;18:00:00;RJ;101;307.0;SAO GONCALO;Desobediencia as normas de transito pelo condutor;Colisao lateral;Com Vitimas Feridas;Anoitecer
297077.0;2020-07-23;quinta-feira;16:11:00;RJ;101;321.0;NITEROI;Falta de Atencao a Conducao;Queda de ocupante de veiculo;Com Vitimas Feridas;Pleno dia
298418.0;2020-07-30;quinta-feira;18:35:00;RJ;101;320.0;NITEROI;Ingestao de alcool e/ou substancias psicoativas pelo pedestre;Atropelamento de Pedestre;Com Vitimas Feridas;Plena Noite
298616.0;2020-07-31;sexta-feira;20:00:00;RJ;101;325.0;NITEROI;Falta de Atencao a Conducao;Colisao traseira;Com Vitimas Feridas;Plena Noite
298877.0;2020-08-01;sabado;22:55:00;RJ;101;324.0;NITEROI;Condutor Dormindo;Colisao com objeto estatico;Com Vitimas Feridas;Plena Noite
299427.0;2020-08-04;terca-feira;15:55:00;RJ;101;303.0;SAO GONCALO;Nao guardar distancia de seguranca;Colisao traseira;Sem Vitimas;Pleno dia
299762.0;2020-08-06;quinta-feira;12:10:00;RJ;101;323.0;NITEROI;Falta de Atencao a Conducao;Colisao transversal;Com Vitimas Feridas;Pleno dia
299977.0;2020-08-07;sexta-feira;15:30:00;RJ;101;325.0;NITEROI;Falta de Atencao a Conducao;Colisao traseira;Sem Vitimas;Pleno dia
300188.0;2020-08-08;sabado;12:42:00;RJ;101;332.0;RIO DE JANEIRO;Falta de Atencao a Conducao;Queda de ocupante de veiculo;Com Vitimas Feridas;Pleno dia
300275.0;2020-08-08;sabado;20:10:00;RJ;101;302.0;SAO GONCALO;Falta de Atencao a Conducao;Colisao traseira;Sem Vitimas;Plena Noite
300677.0;2020-07-25;sabado;13:45:00;RJ;101;320.0;NITEROI;Falta de Atencao a Conducao;Colisao lateral;Com Vitimas Feridas;Pleno dia
300747.0;2020-08-10;segunda-feira;18:40:00;RJ;101;325.0;NITEROI;Defeito Mecanico no Veiculo;Tombamento;Com Vitimas Feridas;Plena Noite
300896.0;2020-08-11;terca-feira;20:30:00;RJ;101;331.0;RIO DE JANEIRO;Ingestao de Alcool;Colisao traseira;Com Vitimas Feridas;Plena Noite
300941.0;2020-08-09;domingo;04:20:00;RJ;101;327.0;NITEROI;Ingestao de Alcool;Colisao traseira;Com Vitimas Feridas;Plena Noite
301010.0;2020-08-12;quarta-feira;10:45:00;RJ;101;315.0;SAO GONCALO;Avarias e/ou desgaste excessivo no pneu;Queda de ocupante de veiculo;Com Vitimas Feridas;Pleno dia
301028.0;2020-08-12;quarta-feira;15:10:00;RJ;101;330.0;RIO DE JANEIRO;Falta de Atencao a Conducao;Tombamento;Com Vitimas Feridas;Pleno dia
301040.0;2020-08-09;domingo;23:15:00;RJ;101;334.0;RIO DE JANEIRO;Falta de Atencao a Conducao;Colisao lateral;Com Vitimas Feridas;Plena Noite
301284.0;2020-08-13;quinta-feira;10:30:00;RJ;101;327.0;NITEROI;Mal Subito;Colisao com objeto estatico;Com Vitimas Feridas;Pleno dia
301544.0;2020-08-15;sabado;01:35:00;RJ;101;319.0;SAO GONCALO;Ingestao de Alcool;Colisao traseira;Com Vitimas Feridas;Plena Noite
301582.0;2020-08-15;sabado;07:47:00;RJ;101;308.0;SAO GONCALO;Desobediencia as normas de transito pelo condutor;Colisao traseira;Sem Vitimas;Pleno dia
301644.0;2020-08-15;sabado;11:20:00;RJ;101;330.0;RIO DE JANEIRO;Mal Subito;Queda de ocupante de veiculo;Com Vitimas Feridas;Pleno dia
301993.0;2020-08-17;segunda-feira;06:15:00;RJ;101;334.0;RIO DE JANEIRO;Nao guardar distancia de seguranca;Colisao lateral;Com Vitimas Feridas;Pleno dia
302019.0;2020-08-17;segunda-feira;06:50:00;RJ;101;322.0;NITEROI;Avarias e/ou desgaste excessivo no pneu;Colisao traseira;Com Vitimas Feridas;Pleno dia
302120.0;2020-08-17;segunda-feira;19:30:00;RJ;101;318.0;SAO GONCALO;Falta de Atencao a Conducao;Saida de leito carrocavel;Com Vitimas Feridas;Plena Noite
302292.0;2020-08-18;terca-feira;21:35:00;RJ;101;305.0;SAO GONCALO;Objeto estatico sobre o leito carrocavel;Colisao com objeto estatico;Com Vitimas Feridas;Plena Noite
302420.0;2020-08-19;quarta-feira;19:30:00;RJ;101;319.5;NITEROI;Desobediencia as normas de transito pelo condutor;Colisao lateral;Com Vitimas Feridas;Plena Noite
302864.0;2020-08-22;sabado;04:50:00;RJ;101;325.0;NITEROI;Pista Escorregadia;Colisao com objeto estatico;Com Vitimas Feridas;Plena Noite
302979.0;2020-08-22;sabado;14:20:00;RJ;101;320.0;NITEROI;Falta de Atencao a Conducao;Colisao com objeto estatico;Com Vitimas Feridas;Pleno dia
303038.0;2020-08-22;sabado;18:40:00;RJ;101;312.0;SAO GONCALO;Falta de Atencao a Conducao;Colisao lateral;Com Vitimas Feridas;Plena Noite
303071.0;2020-08-22;sabado;21:00:00;RJ;101;334.0;RIO DE JANEIRO;Nao guardar distancia de seguranca;Engavetamento;Com Vitimas Feridas;Plena Noite
303108.0;2020-08-23;domingo;04:05:00;RJ;101;311.0;SAO GONCALO;Falta de Atencao a Conducao;Atropelamento de Pedestre;Com Vitimas Feridas;Plena Noite
303141.0;2020-08-23;domingo;12:40:00;RJ;101;306.0;SAO GONCALO;Falta de Atencao a Conducao;Colisao lateral;Com Vitimas Feridas;Pleno dia
303317.0;2020-08-24;segunda-feira;07:30:00;RJ;101;312.0;SAO GONCALO;Avarias e/ou desgaste excessivo no pneu;Colisao traseira;Com Vitimas Feridas;Pleno dia
303348.0;2020-08-24;segunda-feira;09:40:00;RJ;101;327.0;NITEROI;Desobediencia as normas de transito pelo condutor;Colisao lateral;Com Vitimas Feridas;Pleno dia
303448.0;2020-08-24;segunda-feira;18:30:00;RJ;101;306.0;SAO GONCALO;Falta de Atencao a Conducao;Engavetamento;Com Vitimas Feridas;Plena Noite
303748.0;2020-08-26;quarta-feira;14:20:00;RJ;101;299.0;SAO GONCALO;Falta de Atencao a Conducao;Tombamento;Com Vitimas Feridas;Pleno dia
303799.0;2020-08-26;quarta-feira;17:00:00;RJ;101;323.0;NITEROI;Nao guardar distancia de seguranca;Colisao traseira;Com Vitimas Feridas;Anoitecer
303902.0;2020-08-27;quinta-feira;07:35:00;RJ;101;315.0;NITEROI;Falta de Atencao a Conducao;Engavetamento;Com Vitimas Feridas;Pleno dia
304049.0;2020-08-28;sexta-feira;08:30:00;RJ;101;313.0;SAO GONCALO;Desobediencia as normas de transito pelo condutor;Colisao traseira;Com Vitimas Feridas;Pleno dia
304083.0;2020-08-28;sexta-feira;11:15:00;RJ;101;319.0;NITEROI;Ultrapassagem Indevida;Queda de ocupante de veiculo;Com Vitimas Feridas;Pleno dia
304247.0;2020-08-29;sabado;05:15:00;RJ;101;303.0;SAO GONCALO;Falta de Atencao a Conducao;Colisao traseira;Sem Vitimas;Amanhecer
304261.0;2020-08-29;sabado;06:20:00;RJ;101;325.0;NITEROI;Objeto estatico sobre o leito carrocavel;Tombamento;Com Vitimas Feridas;Amanhecer
304745.0;2020-08-31;segunda-feira;03:15:00;RJ;101;307.0;SAO GONCALO;Condutor Dormindo;Colisao com objeto estatico;Com Vitimas Fatais;Plena Noite
304943.0;2020-09-01;terca-feira;06:50:00;RJ;101;318.0;SAO GONCALO;Desobediencia as normas de transito pelo condutor;Tombamento;Com Vitimas Feridas;Pleno dia
305019.0;2020-09-01;terca-feira;12:50:00;RJ;101;322.0;NITEROI;Desobediencia as normas de transito pelo condutor;Colisao lateral;Sem Vitimas;Pleno dia
305263.0;2020-09-02;quarta-feira;14:30:00;RJ;101;312.0;SAO GONCALO;Nao guardar distancia de seguranca;Colisao lateral;Com Vitimas Feridas;Pleno dia
305283.0;2020-09-02;quarta-feira;23:15:00;RJ;101;305.0;SAO GONCALO;Falta de Atencao a Conducao;Colisao com objeto estatico;Com Vitimas Feridas;Plena Noite