id;data_inversa;dia_semana;horario;uf;br;km;municipio;causa_acidente;tipo_acidente;classificacao_acidente;fase_dia
305443.0;2020-09-03;quinta-feira;01:00:00;RJ;101;330.0;RIO DE JANEIRO;Ultrapassagem Indevida;Colisao lateral;Com Vitimas Feridas;Plena Noite
305518.0;2020-09-04;sexta-feira;07:00:00;RJ;101;307.0;SAO GONCALO;Falta de Atencao a Conducao;Colisao traseira;Com Vitimas Feridas;Pleno dia
305526.0;2020-09-04;sexta-feira;05:45:00;RJ;101;310.0;SAO GONCALO;Defeito Mecanico no Veiculo;Tombamento;Com Vitimas Feridas;Amanhecer
305838.0;2020-09-05;sabado;08:35:00;RJ;101;319.0;SAO GONCALO;Desobediencia as normas de transito pelo condutor;Colisao lateral;Com Vitimas Feridas;Pleno dia
305845.0;2020-09-01;terca-feira;23:30:00;RJ;101;319.0;NITEROI;Falta de Atencao a Conducao;Colisao lateral;Com Vitimas Feridas;Plena Noite
306069.0;2020-09-06;domingo;02:40:00;RJ;101;310.0;SAO GONCALO;Agressao Externa;Colisao traseira;Sem Vitimas;Plena Noite
306118.0;2020-09-02;quarta-feira;14:45:00;RJ;101;329.0;NITEROI;Falta de Atencao a Conducao;Colisao traseira;Com Vitimas Feridas;Pleno dia
306203.0;2020-09-06;domingo;16:25:00;RJ;101;321.0;NITEROI;Falta de Atencao a Conducao;Colisao com objeto estatico;Com Vitimas Feridas;Pleno dia
306857.0;2020-09-09;quarta-feira;17:48:00;RJ;101;324.0;NITEROI;Falta de Atencao a Conducao;Colisao lateral;Com Vitimas Feridas;Anoitecer
306940.0;2020-09-10;quinta-feira;04:45:00;RJ;101;313.0;SAO GONCALO;Falta de Atencao a Conducao;Saida de leito carrocavel;Com Vitimas Feridas;Plena Noite
307184.0;2020-09-11;sexta-feira;11:30:00;RJ;101;324.0;NITEROI;Falta de Atencao a Conducao;Colisao traseira;Com Vitimas Feridas;Pleno dia
307296.0;2020-09-11;sexta-feira;18:50:00;RJ;101;323.0;NITEROI;Nao guardar distancia de seguranca;Colisao lateral;Com Vitimas Feridas;Plena Noite
307397.0;2020-09-12;sabado;06:30:00;RJ;101;306.0;SAO GONCALO;Falta de Atencao a Conducao;Colisao lateral;Com Vitimas Feridas;Pleno dia
307462.0;2020-09-12;sabado;13:50:00;RJ;101;313.0;SAO GONCALO;Falta de Atencao a Conducao;Capotamento;Com Vitimas Feridas;Pleno dia
307564.0;2020-09-12;sabado;21:58:00;RJ;101;320.0;NITEROI;Falta de Atencao a Conducao;Colisao com objeto estatico;Com Vitimas Feridas;Plena Noite
308061.0;2020-09-15;terca-feira;10:45:00;RJ;101;305.0;SAO GONCALO;Nao guardar distancia de seguranca;Engavetamento;Sem Vitimas;Pleno dia
308162.0;2020-09-15;terca-feira;21:25:00;RJ;101;313.0;SAO GONCALO;Falta de Atencao a Conducao;Tombamento;Com Vitimas Feridas;Plena Noite
309010.0;2020-09-20;domingo;01:00:00;RJ;101;308.0;SAO GONCALO;Falta de Atencao a Conducao;Colisao lateral;Com Vitimas Feridas;Plena Noite
309596.0;2020-09-22;terca-feira;14:20:00;RJ;101;309.0;SAO GONCALO;Falta de Atencao a Conducao;Queda de ocupante de veiculo;Com Vitimas Feridas;Pleno dia
309705.0;2020-09-23;quarta-feira;07:40:00;RJ;101;310.0;SAO GONCALO;Nao guardar distancia de seguranca;Tombamento;Com Vitimas Feridas;Pleno dia
309779.0;2020-09-23;quarta-feira;15:50:00;RJ;101;314.0;SAO GONCALO;Falta de Atencao a Conducao;Colisao traseira;Com Vitimas Feridas;Pleno dia
309830.0;2020-09-23;quarta-feira;19:30:00;RJ;101;314.0;SAO GONCALO;Falta de Atencao a Conducao;Colisao lateral;Com Vitimas Feridas;Plena Noite
309993.0;2020-09-24;quinta-feira;16:30:00;RJ;101;327.0;NITEROI;Falta de Atencao a Conducao;Colisao traseira;Com Vitimas Feridas;Anoitecer
310069.0;2020-09-25;sexta-feira;05:45:00;RJ;101;331.0;RIO DE JANEIRO;Defeito Mecanico no Veiculo;Atropelamento de Pedestre;Com Vitimas Feridas;Amanhecer
310643.0;2020-09-27;domingo;15:00:00;RJ;101;314.0;SAO GONCALO;Falta de Atencao a Conducao;Tombamento;Com Vitimas Feridas;Pleno dia
310778.0;2020-09-27;domingo;22:40:00;RJ;101;302.0;SAO GONCALO;Nao guardar distancia de seguranca;Colisao com objeto estatico;Com Vitimas Feridas;Plena Noite
310891.0;2020-09-28;segunda-feira;07:00:00;RJ;101;325.0;NITEROI;Falta de Atencao a Conducao;Engavetamento;Com Vitimas Feridas;Pleno dia
310904.0;2020-09-28;segunda-feira;09:30:00;RJ;101;317.0;NITEROI;Falta de Atencao a Conducao;Tombamento;Com Vitimas Feridas;Pleno dia
311315.0;2020-09-30;quarta-feira;08:40:00;RJ;101;318.0;SAO GONCALO;Desobediencia as normas de transito pelo condutor;Colisao traseira;Com Vitimas Feridas;Pleno dia
311661.0;2020-10-02;sexta-feira;17:38:00;RJ;101;334.0;RIO DE JANEIRO;Falta de Atencao a Conducao;Engavetamento;Com Vitimas Feridas;Anoitecer
311691.0;2020-10-02;sexta-feira;19:03:00;RJ;101;313.0;SAO GONCALO;Falta de Atencao a Conducao;Colisao traseira;Com Vitimas Feridas;Plena Noite
311753.0;2020-10-02;sexta-feira;22:00:00;RJ;101;315.0;RIO DE JANEIRO;Ingestao de Alcool;Colisao com objeto estatico;Com Vitimas Feridas;Plena Noite
311791.0;2020-10-02;sexta-feira;22:30:00;RJ;101;318.0;SAO GONCALO;Nao guardar distancia de seguranca;Colisao lateral;Sem Vitimas;Plena Noite
312148.0;2020-10-04;domingo;10:25:00;RJ;101;324.8;SAO GONCALO;Falta de Atencao a Conducao;Colisao com objeto estatico;Com Vitimas Feridas;Pleno dia
312646.0;2020-10-06;terca-feira;21:15:00;RJ;101;326.0;NITEROI;Falta de Atencao a Conducao;Colisao traseira;Com Vitimas Feridas;Plena Noite
312883.0;2020-10-08;quinta-feira;07:20:00;RJ;101;309.0;SAO GONCALO;Falta de Atencao a Conducao;Colisao lateral;Com Vitimas Feridas;Pleno dia
313024.0;2020-10-08;quinta-feira;18:27:00;RJ;101;333.0;RIO DE JANEIRO;Nao guardar distancia de seguranca;Colisao traseira;Com Vitimas Feridas;Plena Noite
313173.0;2020-10-09;sexta-feira;12:20:00;RJ;101;324.0;NITEROI;Falta de Atencao a Conducao;Colisao traseira;Com Vitimas Feridas;Pleno dia
313179.0;2020-10-09;sexta-feira;14:00:00;RJ;101;326.0;NITEROI;Nao guardar distancia de seguranca;Colisao traseira;Com Vitimas Feridas;Pleno dia
313528.0;2020-10-10;sabado;16:16:00;RJ;101;333.0;RIO DE JANEIRO;Nao guardar distancia de seguranca;Colisao traseira;Com Vitimas Feridas;Pleno dia
314034.0;2020-10-11;domingo;13:00:00;RJ;101;306.0;SAO GONCALO;Falta de Atencao a Conducao;Colisao traseira;Sem Vitimas;Pleno dia
314052.0;2020-10-11;domingo;13:40:00;RJ;101;316.0;SAO GONCALO;Falta de Atencao a Conducao;Capotamento;Com Vitimas Feridas;Pleno dia
314204.0;2020-10-11;domingo;23:40:00;RJ;101;307.0;SAO GONCALO;Falta de Atencao a Conducao;Colisao traseira;Com Vitimas Feridas;Pleno dia
314240.0;2020-10-08;quinta-feira;19:00:00;RJ;101;319.0;NITEROI;Nao guardar distancia de seguranca;Colisao traseira;Com Vitimas Feridas;Plena Noite
314273.0;2020-10-12;segunda-feira;10:00:00;RJ;101;330.0;RIO DE JANEIRO;Falta de Atencao a Conducao;Colisao traseira;Com Vitimas Feridas;Pleno dia
314329.0;2020-10-12;segunda-feira;14:52:00;RJ;101;304.0;SAO GONCALO;Avarias e/ou desgaste excessivo no pneu;Colisao traseira;Com Vitimas Feridas;Pleno dia
314720.0;2020-10-14;quarta-feira;13:15:00;RJ;101;324.0;NITEROI;Falta de Atencao a Conducao;Colisao lateral;Com Vitimas Feridas;Pleno dia
315200.0;2020-10-16;sexta-feira;17:40:00;RJ;101;317.0;SAO GONCALO;Nao guardar distancia de seguranca;Colisao traseira;Com Vitimas Feridas;Plena Noite
315254.0;2020-10-17;sabado;05:40:00;RJ;101;304.0;SAO GONCALO;Ingestao de Alcool;Colisao traseira;Com Vitimas Feridas;Amanhecer
315435.0;2020-10-17;sabado;22:45:00;RJ;101;311.0;SAO GONCALO;Ingestao de Alcool;Colisao traseira;Sem Vitimas;Plena Noite
315503.0;2020-10-18;domingo;03:20:00;RJ;101;321.0;NITEROI;Agressao Externa;Colisao com objeto estatico;Com Vitimas Feridas;Plena Noite
315550.0;2020-10-18;domingo;10:20:00;RJ;101;333.0;RIO DE JANEIRO;Falta de Atencao a Conducao;Colisao traseira;Com Vitimas Feridas;Pleno dia
315829.0;2020-10-19;segunda-feira;22:30:00;RJ;101;309.0;SAO GONCALO;Falta de Atencao a Conducao;Colisao traseira;Sem Vitimas;Plena Noite
315838.0;2020-10-19;segunda-feira;23:20:00;RJ;101;320.0;NITEROI;Falta de Atencao a Conducao;Capotamento;Com Vitimas Feridas;Plena Noite
316105.0;2020-10-21;quarta-feira;09:00:00;RJ;101;306.0;SAO GONCALO;Falta de Atencao a Conducao;Capotamento;Com Vitimas Feridas;Pleno dia
316448.0;2020-10-23;sexta-feira;06:50:00;RJ;101;328.0;NITEROI;Falta de Atencao a Conducao;Tombamento;Com Vitimas Feridas;Pleno dia
316685.0;2020-10-20;terca-feira;07:00:00;RJ;101;308.0;SAO GONCALO;Nao guardar distancia de seguranca;Colisao traseira;Sem Vitimas;Pleno dia
316993.0;2020-10-25;domingo;08:50:00;RJ;101;304.0;SAO GONCALO;Nao guardar distancia de seguranca;Colisao lateral;Sem Vitimas;Pleno dia
317247.0;2020-10-26;segunda-feira;12:25:00;RJ;101;306.0;SAO GONCALO;Falta de Atencao a Conducao;Colisao traseira;Com Vitimas Feridas;Pleno dia
317473.0;2020-10-27;terca-feira;06:58:00;RJ;101;333.0;RIO DE JANEIRO;Falta de Atencao a Conducao;Colisao lateral;Com Vitimas Feridas;Pleno dia
317556.0;2020-10-28;quarta-feira;06:50:00;RJ;101;318.0;NITEROI;Nao guardar distancia de seguranca;Engavetamento;Com Vitimas Feridas;Pleno dia
317746.0;2020-10-25;domingo;22:25:00;RJ;101;324.5;NITEROI;Velocidade Incompativel;Colisao traseira;Com Vitimas Feridas;Plena Noite
317784.0;2020-10-29;quinta-feira;13:00:00;RJ;101;321.0;NITEROI;Falta de Atencao a Conducao;Colisao com objeto estatico;Com Vitimas Fatais;Pleno dia
317815.0;2020-10-29;quinta-feira;09:10:00;RJ;101;312.0;SAO GONCALO;Falta de Atencao a Conducao;Tombamento;Com Vitimas Feridas;Pleno dia
318078.0;2020-10-30;sexta-feira;17:15:00;RJ;101;322.0;NITEROI;Defeito Mecanico no Veiculo;Tombamento;Com Vitimas Feridas;Anoitecer
318603.0;2020-11-01;domingo;18:40:00;RJ;101;330.0;RIO DE JANEIRO;Falta de Atencao a Conducao;Colisao lateral;Sem Vitimas;Plena Noite
318900.0;2020-10-30;sexta-feira;22:50:00;RJ;101;324.0;NITEROI;Falta de Atencao a Conducao;Colisao com objeto estatico;Com Vitimas Feridas;Plena Noite
319007.0;2020-11-03;terca-feira;17:40:00;RJ;101;303.0;SAO GONCALO;Falta de Atencao a Conducao;Colisao lateral;Com Vitimas Feridas;Anoitecer
319146.0;2020-11-04;quarta-feira;11:00:00;RJ;101;329.0;RIO DE JANEIRO;Falta de Atencao a Conducao;Tombamento;Com Vitimas Feridas;Pleno dia
319272.0;2020-11-05;quinta-feira;09:50:00;RJ;101;321.0;NITEROI;Falta de Atencao a Conducao;Colisao lateral;Com Vitimas Feridas;Pleno dia
319469.0;2020-11-06;sexta-feira;09:40:00;RJ;101;317.0;SAO GONCALO;Nao guardar distancia de seguranca;Engavetamento;Com Vitimas Feridas;Pleno dia
319508.0;2020-11-06;sexta-feira;15:00:00;RJ;101;318.0;SAO GONCALO;Falta de Atencao a Conducao;Colisao lateral;Com Vitimas Feridas;Pleno dia
319729.0;2020-11-07;sabado;18:15:00;RJ;101;321.5;NITEROI;Defeito Mecanico no Veiculo;Incendio;Sem Vitimas;Plena Noite
320126.0;2020-11-09;segunda-feira;02:00:00;RJ;101;321.0;NITEROI;Pista Escorregadia;Colisao com objeto estatico;Com Vitimas Feridas;Plena Noite
320773.0;2020-11-12;quinta-feira;06:40:00;RJ;101;317.0;SAO GONCALO;Nao guardar distancia de seguranca;Queda de ocupante de veiculo;Com Vitimas Feridas;Pleno dia
321286.0;2020-11-14;sabado;05:30:00;RJ;101;300.0;SAO GONCALO;Falta de Atencao a Conducao;Colisao com objeto estatico;Com Vitimas Feridas;Amanhecer
321287.0;2020-11-14;sabado;07:00:00;RJ;101;331.0;RIO DE JANEIRO;Condutor Dormindo;Queda de ocupante de veiculo;Com Vitimas Feridas;Pleno dia
321429.0;2020-11-14;sabado;18:40:00;RJ;101;322.0;NITEROI;Falta de Atencao do Pedestre;Atropelamento de Pedestre;Com Vitimas Feridas;Plena Noite
321692.0;2020-11-15;domingo;21:40:00;RJ;101;316.0;SAO GONCALO;Falta de Atencao a Conducao;Colisao lateral;Com Vitimas Feridas;Plena Noite
321701.0;2020-11-15;domingo;22:30:00;RJ;101;317.0;SAO GONCALO;Ingestao de Alcool;Colisao com objeto estatico;Com Vitimas Feridas;Plena Noite
321780.0;2020-11-16;segunda-feira;07:00:00;RJ;101;317.0;SAO GONCALO;Falta de Atencao a Conducao;Colisao traseira;Com Vitimas Feridas;Pleno dia
322056.0;2020-11-17;terca-feira;16:20:00;RJ;101;323.0;NITEROI;Mal Subito;Tombamento;Com Vitimas Feridas;Pleno dia
322114.0;2020-11-18;quarta-feira;01:00:00;RJ;101;327.0;NITEROI;Falta de Atencao a Conducao;Colisao traseira;Com Vitimas Feridas;Plena Noite
322713.0;2020-11-20;sexta-feira;20:00:00;RJ;101;306.0;SAO GONCALO;Falta de Atencao a Conducao;Colisao traseira;Com Vitimas Feridas;Plena Noite
322854.0;2020-11-21;sabado;11:55:00;RJ;101;305.0;SAO GONCALO;Desobediencia as normas de transito pelo condutor;Colisao lateral;Com Vitimas Feridas;Pleno dia
323320.0;2020-11-23;segunda-feira;13:45:00;RJ;101;305.0;SAO GONCALO;Nao guardar distancia de seguranca;Engavetamento;Sem Vitimas;Pleno dia
323597.0;2020-11-24;terca-feira;20:30:00;RJ;101;333.0;RIO DE JANEIRO;Falta de Atencao a Conducao;Capotamento;Com Vitimas Feridas;Plena Noite
323770.0;2020-10-24;sabado;07:50:00;RJ;101;323.0;NITEROI;Nao guardar distancia de seguranca;Colisao traseira;Com Vitimas Feridas;Pleno dia
323993.0;2020-11-27;sexta-feira;01:50:00;RJ;101;320.0;NITEROI;Falta de Atencao a Conducao;Tombamento;Com Vitimas Feridas;Plena Noite
324382.0;2020-11-28;sabado;17:29:00;RJ;101;313.0;SAO GONCALO;Desobediencia as normas de transito pelo condutor;Colisao lateral;Com Vitimas Feridas;Pleno dia
324515.0;2020-11-21;sabado;19:40:00;RJ;101;313.0;SAO GONCALO;Desobediencia as normas de transito pelo condutor;Colisao traseira;Com Vitimas Feridas;Plena Noite
324578.0;2020-11-29;domingo;11:10:00;RJ;101;323.0;NITEROI;Nao guardar distancia de seguranca;Colisao traseira;Com Vitimas Feridas;Pleno dia
325260.0;2020-12-02;quarta-feira;23:00:00;RJ;101;303.0;SAO GONCALO;Desobediencia as normas de transito pelo condutor;Colisao frontal;Com Vitimas Feridas;Plena Noite
325553.0;2020-12-04;sexta-feira;11:00:00;RJ;101;322.0;NITEROI;Falta de Atencao a Conducao;Colisao traseira;Sem Vitimas;Pleno dia
325577.0;2020-12-04;sexta-feira;16:40:00;RJ;101;310.0;SAO GONCALO;Nao guardar distancia de seguranca;Colisao lateral;Com Vitimas Feridas;Anoitecer
325871.0;2020-12-05;sabado;18:30:00;RJ;101;323.0;NITEROI;Falta de Atencao a Conducao;Colisao traseira;Com Vitimas Feridas;Plena Noite
326169.0;2020-12-06;domingo;20:45:00;RJ;101;321.0;NITEROI;Defeito Mecanico no Veiculo;Colisao frontal;Com Vitimas Feridas;Plena Noite
326696.0;2020-12-09;quarta-feira;08:30:00;RJ;101;328.0;NITEROI;Defeito Mecanico no Veiculo;Tombamento;Com Vitimas Feridas;Pleno dia
326978.0;2020-12-10;quinta-feira;18:50:00;RJ;101;313.0;SAO GONCALO;Nao guardar distancia de seguranca;Colisao traseira;Com Vitimas Feridas;Plena Noite
326995.0;2020-12-10;quinta-feira;20:55:00;RJ;101;312.0;SAO GONCALO;Falta de Atencao a Conducao;Colisao traseira;Com Vitimas Feridas;Plena Noite
327678.0;2020-12-13;domingo;17:20:00;RJ;101;311.0;SAO GONCALO;Desobediencia as normas de transito pelo condutor;Engavetamento;Com Vitimas Feridas;Anoitecer
328442.0;2020-09-20;domingo;13:27:00;RJ;101;316.9;SAO GONCALO;Falta de Atencao a Conducao;Danos eventuais;Com Vitimas Feridas;Pleno dia
328580.0;2020-12-18;sexta-feira;02:45:00;RJ;101;324.0;NITEROI;Falta de Atencao a Conducao;Colisao com objeto estatico;Com Vitimas Feridas;Plena Noite
329268.0;2020-12-20;domingo;12:45:00;RJ;101;329.0;RIO DE JANEIRO;Falta de Atencao a Conducao;Colisao lateral;Com Vitimas Feridas;Pleno dia
329320.0;2020-12-20;domingo;18:05:00;RJ;101;333.0;RIO DE JANEIRO;Nao guardar distancia de seguranca;Colisao traseira;Com Vitimas Feridas;Anoitecer
329719.0;2020-12-19;sabado;00:10:00;RJ;101;319.0;SAO GONCALO;Desobediencia as normas de transito pelo condutor;Saida de leito carrocavel;Com Vitimas Feridas;Plena Noite
329739.0;2020-12-22;terca-feira;16:50:00;RJ;101;308.0;SAO GONCALO;Falta de Atencao a Conducao;Queda de ocupante de veiculo;Com Vitimas Feridas;Anoitecer
329848.0;2020-12-22;terca-feira;23:30:00;RJ;101;318.4;SAO GONCALO;Defeito Mecanico no Veiculo;Colisao com objeto estatico;Com Vitimas Feridas;Plena Noite
330328.0;2020-12-24;quinta-feira;20:10:00;RJ;101;316.0;SAO GONCALO;Ingestao de Alcool;Colisao com objeto estatico;Sem Vitimas;Plena Noite
330494.0;2020-12-25;sexta-feira;15:30:00;RJ;101;321.0;NITEROI;Falta de Atencao a Conducao;Colisao com objeto estatico;Com Vitimas Feridas;Pleno dia
330625.0;2020-12-26;sabado;12:10:00;RJ;101;299.0;SAO GONCALO;Falta de Atencao a Conducao;Atropelamento de Pedestre;Com Vitimas Feridas;Pleno dia
330913.0;2020-12-27;domingo;20:55:00;RJ;101;316.0;SAO GONCALO;Pista Escorregadia;Tombamento;Com Vitimas Feridas;Plena Noite
331037.0;2020-12-28;segunda-feira;14:00:00;RJ;101;302.0;SAO GONCALO;Falta de Atencao a Conducao;Colisao traseira;Sem Vitimas;Pleno dia
331038.0;2020-12-28;segunda-feira;12:40:00;RJ;101;325.0;NITEROI;Condutor deixou de manter distancia do veiculo da frente;Colisao traseira;Com Vitimas Feridas;Pleno dia
331081.0;2020-12-28;segunda-feira;17:00:00;RJ;101;324.0;NITEROI;Falta de Atencao a Conducao;Colisao lateral;Com Vitimas Feridas;Pleno dia
331100.0;2020-12-28;segunda-feira;17:30:00;RJ;101;318.0;NITEROI;Desobediencia as normas de transito pelo condutor;Tombamento;Com Vitimas Feridas;Anoitecer
331112.0;2020-12-28;segunda-feira;20:30:00;RJ;101;317.0;SAO GONCALO;Nao guardar distancia de seguranca;Colisao lateral;Com Vitimas Feridas;Plena Noite
331125.0;2020-12-28;segunda-feira;19:50:00;RJ;101;330.0;RIO DE JANEIRO;Nao guardar distancia de seguranca;Colisao lateral;Com Vitimas Feridas;Plena Noite
331226.0;2020-12-29;terca-feira;14:50:00;RJ;101;331.0;RIO DE JANEIRO;Falta de Atencao a Conducao;Colisao traseira;Com Vitimas Feridas;Pleno dia
331294.0;2020-12-29;terca-feira;20:30:00;RJ;101;312.0;SAO GONCALO;Velocidade Incompativel;Colisao lateral;Com Vitimas Fatais;Plena Noite
331376.0;2020-12-30;quarta-feira;11:10:00;RJ;101;313.0;SAO GONCALO;Condutor Dormindo;Colisao lateral;Com Vitimas Feridas;Pleno dia
331461.0;2020-12-30;quarta-feira;17:40:00;RJ;101;326.0;NITEROI;Falta de Atencao a Conducao;Colisao traseira;Com Vitimas Feridas;Pleno dia
331632.0;2020-12-31;quinta-feira;16:30:00;RJ;101;309.0;SAO GONCALO;Defeito Mecanico no Veiculo;Tombamento;Com Vitimas Feridas;Pleno dia
364457.0;2020-12-17;quinta-feira;13:20:00;RJ;101;308.0;SAO GONCALO;Falta de Atencao a Conducao;Engavetamento;Sem Vitimas;Pleno dia
509758.0;2020-03-16;segunda-feira;14:40:00;RJ;101;325.3;NITEROI;Falta de Atencao a Conducao;Colisao com objeto estatico;Com Vitimas Feridas;Pleno dia